photo_id,photo_image_url,photo_width,photo_height,photo_aspect_ratio,photo_submitted_at,photo_location_country,stats_views,stats_downloads
CtNZVGWiFsY,https://images.unsplash.com/photo-1444673546596-588d8e662c07,2560,1920,1.33,2015-10-12 18:13:35.520144,,2621284,14498
m6NqdV_sYfs,https://images.unsplash.com/photo-1568323993228-2e26982287a0,3200,4800,0.67,2019-09-12 21:39:52.083428,Jordan,6940305,10820
fDk6Hl77W9I,https://images.unsplash.com/photo-1568036937390-8524419b899f,8688,5792,1.5,2019-09-09 13:49:20.778562,,152993,1568
IOUC-H92gKQ,https://images.unsplash.com/photo-1585725823828-35ebd8f07fce,6000,4000,1.5,2020-04-01 07:39:27.967815,,770167,3071
2vDWKa2T1Y0,https://images.unsplash.com/photo-1445862186072-071ba760adb2,3648,5472,0.67,2015-10-26 12:31:37.771069,,65310,1216
4QWR5geRC9I,https://images.unsplash.com/photo-1475094101105-3f300a76f60c,4912,3264,1.5,2016-09-28 20:22:34.421516,United Kingdom,2675848,11807
mRW6Wsz0iE8,https://images.unsplash.com/photo-1587497897222-1d4dbf8634d9,4000,5000,0.8,2020-04-21 19:50:46.717217,Italien,1052848,5101
1uVCTVSn-2o,https://images.unsplash.com/photo-1556388275-bb5585725aca,5184,3456,1.5,2019-04-27 18:05:23.710383,,11295219,298262
-Lyh8tpyj7U,https://images.unsplash.com/photo-1579033474296-02917e9227f7,2442,3793,0.64,2020-01-14 20:24:53.62119,西班牙,765281,2309
ad91jz_dFpc,https://images.unsplash.com/photo-1553874106-c2bbb05c35d5,4024,6048,0.67,2019-03-29 15:42:11.409319,,1170838,2502
xu4M63Jc3CU,https://images.unsplash.com/photo-1558987830-b9fc9f156565,6000,4000,1.5,2019-05-27 20:12:20.15518,,761312,3483
YpqqApYeB9E,https://images.unsplash.com/photo-1590698763144-af7fa49b14c3,6000,4000,1.5,2020-05-28 20:46:13.112632,,419106,4897
ydTHYnRtaGA,https://images.unsplash.com/photo-1577022833392-df19c303a429,3648,5472,0.67,2019-12-22 13:54:10.173839,Schweiz,682035,2018
ADqQOnZv4cA,https://images.unsplash.com/photo-1551586967-4e6cff656c4c,5020,3347,1.5,2019-03-03 04:22:52.468209,,274966,2796
bQQ_e7O84po,https://images.unsplash.com/photo-1550053868-2b58c9b7f166,7952,5304,1.5,2019-02-13 10:38:57.186095,,414464,2223
fB2jl6Rb3l4,https://images.unsplash.com/photo-1564731071754-001b53a902fb,4000,2668,1.5,2019-08-02 07:35:18.298414,,4586948,38034
SDi1hBdoHe8,https://images.unsplash.com/photo-1418946188801-4dbceebd6b84,6000,3376,1.78,2014-12-18 23:43:18.939166,,2301839,10969
FB-RZVCjTVQ,https://images.unsplash.com/photo-1586683728252-8189330d7816,4107,6160,0.67,2020-04-12 09:48:41.82056,,873896,5027
fY1CpT_Ut7k,https://images.unsplash.com/photo-1557073034-afbd3019713b,3129,4172,0.75,2019-05-05 16:23:40.102473,,340752,1172
FCqMgRuB4D4,https://images.unsplash.com/photo-1559296582-8bfa1d8818c2,4000,6000,0.67,2019-05-31 09:57:02.745263,,1153099,6400
mxaZ98ZYuIs,https://images.unsplash.com/photo-1422493567187-657e311ee1a4,2880,1647,1.75,2015-01-29 01:08:35.05741,New Caledonia,3876177,18153
ie8giTVBVxE,https://images.unsplash.com/photo-1456428460373-c1958eee6f03,4032,2268,1.78,2016-02-25 19:28:11.809963,United States,11937700,20968
LCTm9Q6Woo8,https://images.unsplash.com/photo-1571141774109-50d7add74129,3264,4928,0.66,2019-10-15 12:16:33.461415,,117563,987
aHPMqdOQfnY,https://images.unsplash.com/photo-1592146597890-6584b8117c12,4480,6720,0.67,2020-06-14 14:56:59.673106,Германия,1410398,4827
frzHLsysu5s,https://images.unsplash.com/photo-1590005258215-5c94fea498ed,2989,2989,1.0,2020-05-20 20:10:22.086065,Brazil,1008728,4674
jd8Df6JZkEM,https://images.unsplash.com/photo-1575315599174-f0c6d26625eb,5282,3643,1.45,2019-12-02 20:10:25.60625,,1499649,7233
5DLvpkwOpAs,https://images.unsplash.com/photo-1428332775090-c351075f5390,1840,1232,1.49,2015-04-06 15:05:54.521716,,4388082,25152
aJOslo_ZuWM,https://images.unsplash.com/photo-1567688993206-43c34131b21f,2492,3738,0.67,2019-09-05 13:10:53.301091,,11455479,57975
Olv8IytYdFM,https://images.unsplash.com/photo-1574125638683-03fade618aab,6524,4046,1.61,2019-11-19 01:08:00.602794,,4078240,34306
trnTvywx2Rg,https://images.unsplash.com/photo-1461511669078-d46bf351cd6e,3691,2461,1.5,2016-04-24 15:28:44.964458,Switzerland,5380408,58845
3oz-H0hsNbg,https://images.unsplash.com/photo-1516299304243-b8772c978c0c,3840,5760,0.67,2018-01-18 18:15:35.954672,,423954,2903
KnoEP81a9Rk,https://images.unsplash.com/photo-1568120294838-abf43a5f4bd6,2242,3359,0.67,2019-09-10 13:00:44.846161,,4624257,27584
6-zSaq5hf8U,https://images.unsplash.com/photo-1568569028904-e025582d50a8,5568,3712,1.5,2019-09-15 17:38:59.34096,,1001177,5900
4NnKkfTaNAM,https://images.unsplash.com/photo-1561549621-536bd9bb5f3f,5184,3456,1.5,2019-06-26 11:47:44.512503,,224701,2346
al_dEsITyBU,https://images.unsplash.com/photo-1591767134492-338e62f7b5a2,7200,9000,0.8,2020-06-10 05:35:08.773666,,732050,7361
VpTGCK6zsp4,https://images.unsplash.com/photo-1579308900639-ef46ca852d4e,6000,4000,1.5,2020-01-18 00:55:51.332959,Canada,1301382,3648
PQYovEfGC_I,https://images.unsplash.com/photo-1433477279231-23917f1746fa,4912,3264,1.5,2015-06-05 04:08:13.466426,,1513139,14693
A9WWcz9IoPE,https://images.unsplash.com/photo-1567028627740-4a802a64f9d0,3072,4608,0.67,2019-08-28 21:45:14.952336,,636324,1393
jqWoYQygAkU,https://images.unsplash.com/photo-1581626274639-07cb175d188d,4890,3264,1.5,2020-02-13 20:38:25.282434,United States,601269,2228
ZufJDVy67h8,https://images.unsplash.com/photo-1571454054380-1ba19b50a596,4000,6000,0.67,2019-10-19 03:01:06.191269,United States,286401,1873
GX81x7KTfIw,https://images.unsplash.com/photo-1572443490709-e57345f45939,4000,3000,1.33,2019-10-30 13:51:39.702299,,4939046,30758
H36GOz0SXI0,https://images.unsplash.com/photo-1573850863352-688921f4eb0e,5683,3789,1.5,2019-11-15 20:59:13.310837,,412033,2793
k2yybO-LOQ8,https://images.unsplash.com/photo-1543177958-42aaaa043ee5,4000,3000,1.33,2018-11-25 20:32:46.354112,,567541,4150
g0Agt6NVTmc,https://images.unsplash.com/photo-1547446990-4e36405c6305,5760,3840,1.5,2019-01-14 06:23:28.889129,,287862,2603
bx6RpPf6jVk,https://images.unsplash.com/photo-1461353604973-1ed4a86c08ba,5653,3181,1.78,2016-04-22 19:33:51.21883,New Zealand,1419964,9103
CGCHz52xcB0,https://images.unsplash.com/photo-1577175978480-87cdd7710675,5340,3560,1.5,2019-12-24 08:32:58.060157,United States,409219,2470
_6eLgT8V5kI,https://images.unsplash.com/photo-1550140748-c65fe4177e60,3456,5184,0.67,2019-02-14 10:41:11.367831,,200382,1236
o3h00LfKjW8,https://images.unsplash.com/photo-1516556514536-7433ea12a8e6,5935,3957,1.5,2018-01-21 17:44:13.17642,Switzerland,307087,3158
WQu116gY_KI,https://images.unsplash.com/photo-1557891900-73a5759d59d9,4000,6000,0.67,2019-05-15 03:45:14.940316,United States,778690,1636
9uqpMJ1A0vY,https://images.unsplash.com/photo-1580180921144-1d95a44a1ae3,5472,3648,1.5,2020-01-28 03:10:20.891864,,424026,1489
oGToiYG3-Xw,https://images.unsplash.com/photo-1543176917-0f95487ea2dd,3456,5184,0.67,2018-11-25 20:18:46.121112,Србија,341572,2591
ujpRalth1Nw,https://images.unsplash.com/photo-1568522979297-104bfdf5ae4e,6048,4024,1.5,2019-09-15 04:52:09.280006,,120374,1620
4D953R0aRUo,https://images.unsplash.com/photo-1511909938134-66234e1aa5c9,3456,5184,0.67,2017-11-28 23:01:44.670015,Guatemala,4608602,47497
AGTu2BaSwhw,https://images.unsplash.com/photo-1513136310264-789ffb254476,3000,2000,1.5,2017-12-13 03:39:56.491109,Indonesia,166768,2465
FAd7ce2snms,https://images.unsplash.com/photo-1549835749-1bc90c2d0e5b,5464,3070,1.78,2019-02-10 21:56:55.008675,,315317,1610
j8vAzje0O64,https://images.unsplash.com/photo-1572095426476-808d659b4ea3,1960,4032,0.4899999999999999,2019-10-26 13:10:35.980895,,576338,1117
Brp7zv5Xrr8,https://images.unsplash.com/photo-1581422521308-126e2f139ea7,3335,5000,0.67,2020-02-11 12:03:46.44291,Australia,825612,12729
b4SRwTQget8,https://images.unsplash.com/photo-1433155327100-12aac6a14ff1,1920,1279,1.5,2015-06-01 10:42:19.577677,,2640252,13113
vPWlMEumuKE,https://images.unsplash.com/photo-1565772838671-a7f54969fcab,4466,5582,0.8,2019-08-14 09:42:53.483631,,10254874,13277
Bolre_2dEZI,https://images.unsplash.com/photo-1506611302792-8e9fdb8c4edf,5472,3648,1.5,2017-09-28 15:13:02.680967,United States,5045222,48621
Aknut7U5kks,https://images.unsplash.com/photo-1584740715132-9fffe86f1bf8,5438,3712,1.46,2020-03-20 21:58:12.596579,,843497,2198
JcYnmOyv07Q,https://images.unsplash.com/photo-1583430596455-1b760f0cc679,3089,2048,1.51,2020-03-05 17:52:28.017083,,608467,1350
-zmuwjJ6ixk,https://images.unsplash.com/photo-1551173666-653bbf8a2e25,3888,5184,0.75,2019-02-26 09:40:01.997031,,454061,1328
iKMmakBOI10,https://images.unsplash.com/photo-1577353545798-6e2cb5411612,5490,3659,1.5,2019-12-26 09:46:02.319028,Singapore,760005,4349
aPAiDOXImF8,https://images.unsplash.com/photo-1577988125091-6c4215657b2c,3362,5043,0.67,2020-01-02 18:02:43.668797,,119238,994
WvGGtnC1NPs,https://images.unsplash.com/photo-1566416814425-88d501966f69,3252,4979,0.65,2019-08-21 19:47:15.604492,,712481,1800
8dXad1em74g,https://images.unsplash.com/photo-1581294882660-9f92cd5a8ac9,7952,5304,1.5,2020-02-10 00:38:26.321656,,1748329,6913
zSHkU6yz7Fo,https://images.unsplash.com/photo-1552572455-1e855bd25a18,3182,4769,0.67,2019-03-14 14:07:52.948282,,2111922,12917
PuQ1GTsHux8,https://images.unsplash.com/photo-1576532876554-a1d30949fafd,6240,4160,1.5,2019-12-16 22:05:14.606478,United States,808795,1884
5kBocXd0E0o,https://images.unsplash.com/photo-1464648084360-bd664fddcc12,5587,3675,1.52,2016-05-30 22:41:56.89294,United States,1250789,4722
P8oqPW32fm0,https://images.unsplash.com/photo-1559801966-2698666c48be,3376,6000,0.56,2019-06-06 06:19:47.186702,,485713,4331
XkheksZnNT4,https://images.unsplash.com/photo-1549415697-8e9a0872f910,4000,6000,0.67,2019-02-06 01:15:42.418676,,1120425,4933
03b7JRdv0Io,https://images.unsplash.com/photo-1435782329484-63fcdacefcd6,4082,2721,1.5,2015-07-01 20:26:49.536486,,84771,1155
qhFzpD21djQ,https://images.unsplash.com/photo-1544817286-df012b241a01,5184,3456,1.5,2018-12-14 19:55:42.874807,,515588,5252
__1Mu7EZXOM,https://images.unsplash.com/photo-1493560660224-4efee7f72084,3326,4157,0.8,2017-04-30 13:58:01.366011,,1262298,6496
Z_TwXe5oXNI,https://images.unsplash.com/photo-1564408512035-6597e7afd94e,6000,4000,1.5,2019-07-29 13:55:36.094437,,243113,2457
4kv4odtKd0U,https://images.unsplash.com/photo-1542699499639-2da05c985b72,2412,3618,0.67,2018-11-20 07:40:37.663301,,6284866,282428
sH-ueXU68WM,https://images.unsplash.com/photo-1483748689892-40f1a387fc69,4608,3456,1.33,2017-01-07 00:25:21.131708,,1649924,11976
ymq9r-aUBds,https://images.unsplash.com/photo-1551102450-62aec75cd0bc,7302,4868,1.5,2019-02-25 13:48:31.871692,,846357,3408
7XOij6KNUXI,https://images.unsplash.com/flagged/photo-1579890122633-1d9ec7cfb277,6000,4000,1.5,2020-01-24 18:23:19.975127,,716908,2401
yYyoSmJeCTM,https://images.unsplash.com/photo-1584886448456-daeda435c742,4934,3289,1.5,2020-03-22 14:14:21.686493,,20818192,21137
OElxWB3VkKo,https://images.unsplash.com/photo-1559705615-8169d87412ae,5304,7952,0.67,2019-06-05 03:34:47.144369,,705120,2410
Af9cNES03LU,https://images.unsplash.com/photo-1552843933-189de544dbeb,5472,2800,1.95,2019-03-17 17:35:53.894975,,11579064,26771
7x-CvG1VmC0,https://images.unsplash.com/photo-1578101712942-cead09facdd2,4480,5974,0.75,2020-01-04 01:41:43.093169,Canada,199935,934
Swlm_w1hdMs,https://images.unsplash.com/photo-1441766333219-e89e835f4c1b,5472,3648,1.5,2015-09-09 02:40:52.932349,,2786914,17778
MZxQoMVN518,https://images.unsplash.com/photo-1583854710609-d8d2790e4105,6720,4480,1.5,2020-03-10 15:38:53.339924,,1379082,15038
rlPUYlJUWTg,https://images.unsplash.com/photo-1563522369099-79b01f8f0220,3042,3042,1.0,2019-07-19 07:47:05.951538,,574305,1534
ty8ZVbC-Wik,https://images.unsplash.com/photo-1568633623639-b70962970c91,4000,6000,0.67,2019-09-16 11:33:47.574709,,79289,701
GKiypbT1CWs,https://images.unsplash.com/photo-1584532246337-0bd4ec6e09b3,5504,8256,0.67,2020-03-18 11:55:51.676477,,620179,1691
R76Y75r1XJg,https://images.unsplash.com/photo-1585955340928-770c52c84074,4912,7360,0.67,2020-04-03 23:23:47.985723,,187828,1277
ILFtGTwz9Dg,https://images.unsplash.com/photo-1547488336-7fb0d18b903a,2864,3580,0.8,2019-01-14 17:52:31.657269,,230675,1179
uZxT3njDQYc,https://images.unsplash.com/photo-1483388381485-344c3a9ded7f,5351,3572,1.5,2017-01-02 20:21:02.017667,,7838414,87226
HPA5j4Z3elA,https://images.unsplash.com/photo-1586015512731-d330b27b94b9,6000,4000,1.5,2020-04-04 15:55:49.029664,Polska,169251,1442
IkItz2V-ZUY,https://images.unsplash.com/photo-1549033990-879289266301,4480,5600,0.8,2019-02-01 15:13:54.530537,,1911155,11466
jfL-Dt3ITjA,https://images.unsplash.com/photo-1580732055671-e64dde2eb75b,2242,2803,0.8,2020-02-03 12:17:45.94611,France,2110230,5559
ikVIIuLzkE8,https://images.unsplash.com/photo-1576092229911-9fd3d0d8be25,3840,5760,0.67,2019-12-11 19:25:47.001784,,499026,972
hbwdmqcmP6k,https://images.unsplash.com/photo-1453060590797-2d5f419b54cb,4752,3168,1.5,2016-01-17 19:57:12.984048,,7904282,53162
V6If1LurrhU,https://images.unsplash.com/photo-1475701240414-7842311479e7,8640,5760,1.5,2016-10-05 20:21:35.8318,Canada,4101846,17911
Ku4GVSM53ko,https://images.unsplash.com/photo-1543039801-73e4dc2a8b97,3200,2149,1.49,2018-11-24 06:10:10.979478,,610728,4802
WbIEX9Hq-EI,https://images.unsplash.com/photo-1484157737210-f58966446e05,4928,3264,1.51,2017-01-11 18:03:52.509477,Faroe Islands,1294307,14948
WSKaNV76wRs,https://images.unsplash.com/photo-1585095925022-83633787f111,6000,4000,1.5,2020-03-25 00:28:42.973086,,863864,3722
6f3SH_MUPw0,https://images.unsplash.com/photo-1580657768351-a35cc035f945,7952,5304,1.5,2020-02-02 15:46:25.790041,대한민국,260057,1028
WUQWuGEmnAQ,https://images.unsplash.com/photo-1570193680771-bc8aed203d7d,2832,4256,0.67,2019-10-04 12:55:06.284706,,632595,5316
m7WaoObIM4g,https://images.unsplash.com/photo-1564468515177-81aced52f4fa,4000,6000,0.67,2019-07-30 06:36:29.191438,,229900,1278
IOvOeZRGanM,https://images.unsplash.com/photo-1562555199-732a21a30a36,3141,4711,0.67,2019-07-08 03:07:06.293915,,1543649,10611
IcjQEyUzPE4,https://images.unsplash.com/photo-1567788150222-c580695fa1d7,1900,3040,0.63,2019-09-06 16:42:50.014652,,8255167,39530
s1Tw6-5UoXI,https://images.unsplash.com/photo-1580163238333-aeab3b0a112d,4000,6000,0.67,2020-01-27 22:14:15.482767,Canada,1215069,7116
caKJkQm26T0,https://images.unsplash.com/photo-1552664026-7217280ffa87,4608,3072,1.5,2019-03-15 15:35:00.281668,,231411,1118
PSFfI7vbS3c,https://images.unsplash.com/photo-1487111023822-2e903e12f6f0,3840,5760,0.67,2017-02-14 22:25:23.88296,Serbia,23803943,168820
-vGlVFOmy5c,https://images.unsplash.com/photo-1546842051-da4cb1955729,6000,4000,1.5,2019-01-07 06:21:56.154242,,76287,1178
e-XPbBr0NhU,https://images.unsplash.com/photo-1600151388273-527da3d5584c,5032,3520,1.43,2020-09-15 06:30:11.139294,,144726,2014
Og_MdHmMUjM,https://images.unsplash.com/photo-1544331484-96a80c7fdf5b,4272,2848,1.5,2018-12-09 04:58:30.476405,,555936,4240
UzEf18WCkro,https://images.unsplash.com/photo-1584739838653-a0f28ee71c9f,4480,6720,0.67,2020-03-20 21:31:52.560444,,302668,814
ZWpns_025uM,https://images.unsplash.com/photo-1564591912259-a9b558e330fa,5184,3456,1.5,2019-07-31 16:53:14.079442,,165796,2801
i__rd4LWg3s,https://images.unsplash.com/photo-1444567257257-a10a4088a89d,6000,4000,1.5,2015-10-11 12:41:48.064455,,8655045,84168
elcikMY7DoY,https://images.unsplash.com/photo-1505892452069-8e3d4e3c0933,5343,3562,1.5,2017-09-20 07:27:47.571878,,206518,1683
14BVc2mD9Bk,https://images.unsplash.com/photo-1495896138760-293144e6b1d9,3125,4687,0.67,2017-05-27 15:17:18.68195,,12948357,178086
EkxO-SFU9kc,https://images.unsplash.com/photo-1494856488146-6070a6b67f78,3276,4096,0.8,2017-05-15 13:55:22.982162,,40266327,53651
iqA-eciZBaM,https://images.unsplash.com/photo-1543749300-6731d25b46fe,3840,5760,0.67,2018-12-02 11:39:56.762816,,1664243,7924
p6slMrGDQSo,https://images.unsplash.com/photo-1574342467132-e25a78ed99b8,4206,3310,1.27,2019-11-21 13:21:49.659417,,3416668,11676
XqSDQfI5xIQ,https://images.unsplash.com/photo-1575316933334-811fccc3c688,3332,2222,1.5,2019-12-02 20:02:26.544604,,551491,1843
I9329F5p1vE,https://images.unsplash.com/photo-1549378823-4e58498586e9,4256,2832,1.5,2019-02-05 15:00:56.236219,Ireland,492850,1945
tWndDHJRNm8,https://images.unsplash.com/photo-1588414734732-660b07304ddb,4328,5775,0.75,2020-05-02 10:23:24.076514,,1430761,3313
boE2xft0cAo,https://images.unsplash.com/photo-1437964706703-40b90bdf563b,3264,2448,1.33,2015-07-27 02:39:40.443424,,12071908,149733
Hgx1jpfYTqc,https://images.unsplash.com/photo-1591537580018-04f735250c5f,2999,4499,0.67,2020-06-07 13:46:33.219724,,600929,4693
O2rcaYIdtp8,https://images.unsplash.com/photo-1573098398234-fd4233487e53,4256,2832,1.5,2019-11-07 03:57:48.767852,,82072,1226
qQwxU7NJWTI,https://images.unsplash.com/photo-1443175679639-685643a7fd62,4496,3000,1.5,2015-09-25 10:09:39.334855,,30037091,26527
7YVvzNAFFdE,https://images.unsplash.com/photo-1584895738295-52b3c7d6ce13,3500,2333,1.5,2020-03-22 16:56:08.507617,Deutschland,702012,2249
5nkadYXTBpM,https://images.unsplash.com/photo-1560889859-e7e9f5df34a3,6720,4480,1.5,2019-06-18 20:39:30.096855,,649395,2966
WGujDHx1YTA,https://images.unsplash.com/photo-1557990287-975e130ba4aa,3264,4928,0.66,2019-05-16 07:04:59.392579,Russia,562722,7060
vvjWoI-r2v0,https://images.unsplash.com/photo-1565575726815-69ab316d5af4,3000,2000,1.5,2019-08-12 02:09:43.297009,,625070,1719
lfxIZmSOHlg,https://images.unsplash.com/photo-1572876028907-c0c771dd4a27,4256,2394,1.78,2019-11-04 14:01:27.047886,,124592,1015
Z7mREQaK0Pc,https://images.unsplash.com/photo-1542320868-497d7aeaaa13,4304,3444,1.25,2018-11-15 22:27:56.585508,,1735987,7937
sEh0rgGtMLc,https://images.unsplash.com/photo-1585914569915-0ee83db4aefc,4024,6048,0.67,2020-04-03 11:50:37.954719,,662214,2916
UTv7cPiNsug,https://images.unsplash.com/photo-1585837813828-325da52c57e8,3215,4870,0.66,2020-04-02 14:31:38.809782,,132180,640
aPNn_uP8WlE,https://images.unsplash.com/photo-1567461428819-0a598bbb052f,2532,4548,0.56,2019-09-02 21:58:26.977406,,778181,1816
1bel5M-40v4,https://images.unsplash.com/photo-1541484185011-a71d65dcb5ea,3812,5718,0.67,2018-11-06 06:09:19.351793,Iceland,1005887,19906
ayx-0-GGmqc,https://images.unsplash.com/photo-1573364478690-3c33d9005928,7360,4912,1.5,2019-11-10 05:42:06.266778,,925300,2161
7lf1iuSVRXY,https://images.unsplash.com/photo-1587233235918-8afc264d749c,6000,4000,1.5,2020-04-18 18:07:24.824392,,744901,4465
pUqTHJ5gq-U,https://images.unsplash.com/photo-1463227438464-68cf21a01f55,5184,3456,1.5,2016-05-14 12:04:41.71892,United Kingdom,3466256,16030
DlkT5il4XFg,https://images.unsplash.com/photo-1556880937-6b6a06344853,4000,5600,0.7099999999999999,2019-05-03 10:56:07.006638,,118034,615
ADkSHwhLuU0,https://images.unsplash.com/photo-1462833927381-4f555299c2b9,4779,2424,1.97,2016-05-09 22:45:13.95362,United States,1243262,11958
ep6buhlUofU,https://images.unsplash.com/photo-1572937544553-29251c28114e,4160,6240,0.67,2019-11-05 07:07:31.764701,Canada,912900,2726
6Bo-eIl7390,https://images.unsplash.com/photo-1549913638-493c8592a9c5,3558,5337,0.67,2019-02-11 19:34:49.100808,,891384,5027
5AyUHeSnxz8,https://images.unsplash.com/photo-1584754269526-83ca2b7f1302,6000,4000,1.5,2020-03-21 01:33:00.70535,,587531,2223
vNJE2-qwxS8,https://images.unsplash.com/photo-1552556299-e956c81d9aee,3954,5931,0.67,2019-03-14 09:40:56.282864,,892827,2414
qijiWlQqjJM,https://images.unsplash.com/photo-1469178066045-855bb6994cc0,5184,3456,1.5,2016-07-22 09:02:47.753075,United Kingdom,4504714,31628
ozn8q95OQ4Q,https://images.unsplash.com/photo-1597417065389-a455b2e6479a,4016,6016,0.67,2020-08-14 15:03:48.071873,United States,574665,1637
USyf9fIUa1c,https://images.unsplash.com/photo-1578099268187-9c4ac77c1baa,3376,5064,0.67,2020-01-04 00:55:02.770996,,552497,4227
-h8Od9ze-0o,https://images.unsplash.com/photo-1553969962-71a49f3256be,4036,2696,1.5,2019-03-30 18:19:58.685264,United States,1565163,13259
Ejw7WTnFPYI,https://images.unsplash.com/photo-1577889982638-733b32626f7c,4096,2731,1.5,2020-01-01 14:46:50.251228,Nederland,137461,1006
6jjp0X26Mxw,https://images.unsplash.com/photo-1584222605620-313d7510e55e,5120,3413,1.5,2020-03-14 21:52:07.862196,Greece,634884,1870
ER3C_Lv_NdA,https://images.unsplash.com/photo-1543395162-b6d7846c82a0,3872,2904,1.33,2018-11-28 09:50:08.931936,United States,1186002,6910
CFAcehoXBZs,https://images.unsplash.com/photo-1590233515291-6adab9442160,3456,5184,0.67,2020-05-23 11:32:09.991368,United States,189980,1118
7LNhmO01xbg,https://images.unsplash.com/photo-1579983604790-cec2e5e7dbe0,6720,4480,1.5,2020-01-25 20:20:50.091549,,232256,1812
RFj0OkD0s18,https://images.unsplash.com/photo-1551210627-b858a8b35827,4288,2848,1.51,2019-02-26 19:51:21.769913,,565606,8112
9Txz_NCheAw,https://images.unsplash.com/photo-1572276595924-6f10d1ab06b6,4000,6000,0.67,2019-10-28 15:33:23.654749,,843651,2271
MvftAbKK9Ek,https://images.unsplash.com/photo-1446001037989-e9dda9522338,3997,2665,1.5,2015-10-28 02:58:54.269869,United States,3281466,20480
B7EBb5YVl8M,https://images.unsplash.com/photo-1592510942943-2580c14565c2,2000,3000,0.67,2020-06-18 20:10:59.268852,United Kingdom,1596471,3857
sN1cOV7wfCM,https://images.unsplash.com/photo-1441205188609-b875e92a9807,5760,3840,1.5,2015-09-02 14:46:32.309891,,8513768,59089
KMrEjF7jwEE,https://images.unsplash.com/photo-1560964645-6b62d5630525,4608,3456,1.33,2019-06-19 17:18:16.522264,,559298,2609
eYbDKg2O7Lo,https://images.unsplash.com/photo-1548744482-3cfbc49168bb,6122,4084,1.5,2019-01-29 06:48:19.94408,,579627,4827
Rd40RL5zyPc,https://images.unsplash.com/photo-1573576144127-e9e1744b42ab,4334,6067,0.7099999999999999,2019-11-12 16:29:29.719413,,350618,10890
M_6lB2xafZI,https://images.unsplash.com/photo-1514696566962-29c03e356621,6000,4000,1.5,2017-12-31 05:07:03.644727,Australia,548747,3133
hc9jegP90wM,https://images.unsplash.com/photo-1577458828761-45f563e8c099,6000,4000,1.5,2019-12-27 15:08:26.37444,,94851,867
82tqSvIY92s,https://images.unsplash.com/photo-1433147926609-4a89b40610cc,3186,2392,1.33,2015-06-01 08:39:43.466915,United Kingdom,3815800,28231
zqoD05m0D_s,https://images.unsplash.com/photo-1568100599971-a436f9cb5e78,6192,8256,0.75,2019-09-10 07:35:48.041263,,716409,1459
m6kf2nTdw_0,https://images.unsplash.com/photo-1543016166-90f788125472,8192,5462,1.5,2018-11-23 23:36:44.351796,,7035334,7280
5hqX-SmETF0,https://images.unsplash.com/photo-1542012553-26ebebb8eff0,6000,4000,1.5,2018-11-12 08:49:52.486524,,584490,4755
KuIHzQ7YbPU,https://images.unsplash.com/photo-1563940523574-75fdc6b90d0b,3961,2641,1.5,2019-07-24 03:55:42.544805,,657310,1938
xYTBVovrm8g,https://images.unsplash.com/photo-1513593956016-22c201565313,3626,5439,0.67,2017-12-18 10:48:13.330214,Italy,574157,6153
Y3Td-v-JRHI,https://images.unsplash.com/photo-1578499177313-0416e8f509e6,5184,3456,1.5,2020-01-08 16:04:32.090536,South Africa,873979,18109
kxAaw2bO1Z8,https://images.unsplash.com/photo-1526737511523-ba685f246e8c,3992,2242,1.78,2018-05-19 13:48:32.288657,Portugal,14003326,18056
mJBmtyrYcQA,https://images.unsplash.com/photo-1461927757657-7999c8759822,4608,3072,1.5,2016-04-29 11:03:27.598824,Poland,2380516,12356
eh25BL-KTNU,https://images.unsplash.com/photo-1552444991-4e240da8ff8c,4170,5057,0.82,2019-03-13 02:44:52.254582,Japan,600669,6287
YqIsqzCSFBs,https://images.unsplash.com/photo-1548645933-5cfe71429909,6000,4000,1.5,2019-01-28 03:26:14.370606,,874733,6907
6s4omYOt9Vo,https://images.unsplash.com/photo-1475069280216-c17b04bfa586,5472,3648,1.5,2016-09-28 13:30:22.088442,Germany,1913376,16409
wDP-GEJTtOw,https://images.unsplash.com/photo-1532501087002-0341b61f7e74,5026,3351,1.5,2018-07-25 06:46:06.467664,United States,1525741,8149
6_NnPDTx72Q,https://images.unsplash.com/photo-1556834046-429106b0b1c7,6000,4000,1.5,2019-05-02 21:56:56.613311,,932119,3894
uVk47dQdpaE,https://images.unsplash.com/photo-1581588459229-565952c66587,5760,3840,1.5,2020-02-13 10:13:08.468793,,481468,1675
vHY1MM8eZFg,https://images.unsplash.com/photo-1621074457808-66037631b8c1,3200,4000,0.8,2021-05-15 10:28:11.713484,,671220,3748
4tw78ktweeM,https://images.unsplash.com/photo-1568990966085-e53951e67fd9,2736,3648,0.75,2019-09-20 14:52:28.470323,,423695,14409
T28FlQEQ23Q,https://images.unsplash.com/photo-1561229502-5edb81420bf7,3701,4935,0.75,2019-06-22 18:52:10.431758,,555398,1772
JS_gHYT_Xv4,https://images.unsplash.com/photo-1547588890-d287a33199b9,3456,5184,0.67,2019-01-15 21:49:31.558523,,390414,1946
PVPsGlhs3rU,https://images.unsplash.com/photo-1489913876021-4bb2b98c9e76,5226,3484,1.5,2017-03-19 08:58:58.697183,,5726121,14323
DQDmuH5NiL0,https://images.unsplash.com/photo-1446538814992-0cff3f3e55b4,5184,2916,1.78,2015-11-03 08:20:41.016977,France,1567533,10423
PtVq35qD-CU,https://images.unsplash.com/photo-1579818276653-bc3240840cf6,5000,5000,1.0,2020-01-23 22:31:12.765457,Canada,4844131,38844
-BZc9Ee1qo0,https://images.unsplash.com/photo-1505567745926-ba89000d255a,5984,3989,1.5,2017-09-16 13:18:53.17657,Finland,51747042,315787
PLBCvuEbCq4,https://images.unsplash.com/photo-1465522730904-a4c42ce10f7a,4608,3024,1.52,2016-06-10 01:39:29.515831,Canada,2612674,20768
ppMZQopIabU,https://images.unsplash.com/photo-1578170265579-6943dbe0dc22,5184,3456,1.5,2020-01-04 20:38:55.33085,United States,164372,1194
7MBgGXQ2Rqg,https://images.unsplash.com/photo-1471313902629-21dffc56c966,2304,1536,1.5,2016-08-16 02:18:49.273719,,3391778,21082
umr1gGpu5M0,https://images.unsplash.com/photo-1562159347-c40bfa77486a,5082,6776,0.75,2019-07-03 13:12:04.178252,,653970,1306
2qQgdily4tY,https://images.unsplash.com/photo-1427167800976-e5079df71bb3,6000,4000,1.5,2015-03-24 03:30:10.334037,,2015100,10002
5cuJ5erS7Mc,https://images.unsplash.com/photo-1565603553363-05507c434caa,6000,4000,1.5,2019-08-12 09:53:49.296568,,757670,3149
xifK5zht0lU,https://images.unsplash.com/photo-1542438669-051ce8c5b001,4145,4358,0.95,2018-11-17 07:11:20.66677,,510917,2069
-ZYkhqecXt0,https://images.unsplash.com/photo-1589988445288-17dd8a96a43e,4480,6720,0.67,2020-05-20 15:29:24.162573,,557066,16058
Ora1LQF9aNc,https://images.unsplash.com/photo-1552071207-970ec5545f82,5184,3456,1.5,2019-03-08 18:56:24.282957,,131415,1807
e-sLdEvXRHw,https://images.unsplash.com/photo-1579715016389-c4055c335adf,6000,4000,1.5,2020-01-22 17:50:44.094329,Südafrika,461820,1611
jin5rmq-OeE,https://images.unsplash.com/photo-1574762238906-a6c90b313888,4928,3264,1.51,2019-11-26 10:26:34.03774,,268218,3157
EeTNgRggr3o,https://images.unsplash.com/photo-1564025420695-307817b7504e,3643,2428,1.5,2019-07-25 03:30:43.022915,,4113004,26242
m2whWGCH63A,https://images.unsplash.com/photo-1577234162223-98e9caa94705,6048,4024,1.5,2019-12-25 00:36:18.188266,,10618233,12581
J4msIpL0Gss,https://images.unsplash.com/photo-1584897593884-2a63ecbc53cf,3936,2624,1.5,2020-03-22 17:20:17.040979,Україна,631514,1715
eB3W74BLW30,https://images.unsplash.com/photo-1583213435466-6830dd3454a5,2571,3214,0.8,2020-03-03 05:39:45.83508,,609658,1420
LfJnyVrKFhM,https://images.unsplash.com/photo-1579706624295-3c81eaef2533,4000,6000,0.67,2020-01-22 16:04:58.572931,,575141,2037
2Pw2oFsSzsM,https://images.unsplash.com/photo-1431795330202-99f24e05e209,6000,4000,1.5,2015-05-16 16:56:53.570298,,27418,507
pBrHNFqcX-M,https://images.unsplash.com/photo-1503221507150-dcb5a13416ca,3888,2592,1.5,2017-08-20 09:32:23.687857,United Kingdom,18025732,44038
xgvttvy0mnA,https://images.unsplash.com/photo-1563949267269-41fb842a1f66,5760,3840,1.5,2019-07-24 06:23:50.468431,,194906,1436
JziSXsl7Zic,https://images.unsplash.com/photo-1567712567075-b022175be34f,4000,6000,0.67,2019-09-05 19:50:28.161959,,128258,1189
KVLzhuroc4A,https://images.unsplash.com/photo-1582313813137-08042f1bddb2,4016,5020,0.8,2020-02-21 19:38:21.576908,United States,491112,2172
nyp3K_TqURA,https://images.unsplash.com/photo-1548624947-36e6a1ed55e0,3166,3957,0.8,2019-01-27 21:37:12.027812,Iceland,1124781,16608
1AGWetTYusU,https://images.unsplash.com/photo-1550748348-4fc33a257231,4287,3215,1.33,2019-02-21 11:26:16.131257,,208606,1598
iHzpnUYS3Zc,https://images.unsplash.com/photo-1472607614475-ea46508fbf20,5355,3570,1.5,2016-08-31 01:40:47.456221,,2564506,14160
lO_uBu22nxM,https://images.unsplash.com/photo-1447767876721-7093b7e87667,2000,1125,1.78,2015-11-17 13:45:09.30553,Spain,2173452,6361
7-oM8eFUkFQ,https://images.unsplash.com/photo-1571514507804-28e1f9ab5b94,4000,6000,0.67,2019-10-19 19:48:43.200291,Österreich,6844788,65653
dLQcJmMLB0E,https://images.unsplash.com/photo-1568955773021-d347deaffa1a,3648,2650,1.38,2019-09-20 05:03:01.78113,Egyesült Királyság,3286829,28228
MbweoXr6U0Q,https://images.unsplash.com/photo-1582229822017-3b77911e82bb,5826,3884,1.5,2020-02-20 20:20:19.005877,,10864100,8039
9zhsq3o1k60,https://images.unsplash.com/photo-1547499417-61a435d27cb3,4000,6000,0.67,2019-01-14 21:00:54.258193,,15420313,151846
A3sCRWbgNwc,https://images.unsplash.com/photo-1583872958183-1ea5ed461f04,5901,3939,1.5,2020-03-10 20:44:04.233762,United States,1010048,5211
gStfADPD4Uo,https://images.unsplash.com/photo-1548124567-7254230a287e,8192,5461,1.5,2019-01-22 02:36:24.611631,,320600,2847
3o0V2Obo0yc,https://images.unsplash.com/photo-1580136051290-9efc31643f27,3626,4532,0.8,2020-01-27 14:40:55.194539,,1205343,10574
x-o-nOLbrVg,https://images.unsplash.com/photo-1542206778545-a9731912228f,3456,2304,1.5,2018-11-14 14:46:53.244469,,3982161,6326
AU1prnVSr0o,https://images.unsplash.com/photo-1552318559-4cd3b4cf0161,4000,6000,0.67,2019-03-11 15:49:04.71725,,8232592,28347
UrMGQNrkdO0,https://images.unsplash.com/photo-1573489176014-6d0176081570,3584,3584,1.0,2019-11-11 16:20:02.524321,,2584587,8619
ynXkatjHH-U,https://images.unsplash.com/photo-1585220197334-4f24a2f7d57e,5843,3287,1.78,2020-03-26 10:56:56.351387,Islande,1417107,6748
QhPSKlMjA34,https://images.unsplash.com/photo-1517547296765-95df07184957,5574,3716,1.5,2018-02-02 04:55:28.661856,,2103674,7048
-uAz9C0SZGQ,https://images.unsplash.com/photo-1538999376705-7e4fd07edfdc,3000,4000,0.75,2018-10-08 11:50:36.386678,Russia,813507,3679
cwL_DmFQTMI,https://images.unsplash.com/photo-1512508497406-d4c5505afbca,4000,6000,0.67,2017-12-05 21:15:57.974223,Spain,6794213,91335
ZzleXZL8STI,https://images.unsplash.com/photo-1576935649119-53551e41cf62,4649,3100,1.5,2019-12-21 13:44:31.29987,,577156,3565
0eE9GfBaxDg,https://images.unsplash.com/photo-1489466175617-460866bb9a55,5184,3456,1.5,2017-03-14 04:39:11.326077,,1787368,5721
mY7fC3q9Sgc,https://images.unsplash.com/photo-1563359534-f9d7a02dc5d6,4560,6840,0.67,2019-07-17 10:33:36.88222,,278422,2087
6N9-rhiTlKI,https://images.unsplash.com/photo-1466960813256-98a80a78951d,6016,4000,1.5,2016-06-26 17:07:28.58039,Romania,5305764,22263
fVIiTknYim8,https://images.unsplash.com/photo-1559277493-90a3b46127c3,3072,4608,0.67,2019-05-31 04:38:47.208857,Japan,209567,1060
LNO1KyMzpCs,https://images.unsplash.com/photo-1596050263787-897a25cdf281,3033,4045,0.75,2020-07-29 19:18:06.425458,Brasil,437004,7530
Oq4cMZpHNsk,https://images.unsplash.com/photo-1543364798-c67fdd4054e9,6000,4000,1.5,2018-11-28 00:26:46.282755,United States of America,371729,3728
xZX3pXjQQSw,https://images.unsplash.com/photo-1580405977135-e598295fb06b,3456,5184,0.67,2020-01-30 17:40:04.106937,,921688,765
iKpWRAt0yj0,https://images.unsplash.com/photo-1543191090-59022593fa5e,5721,3815,1.5,2018-11-26 00:11:54.501418,Ukraine,325029,2403
2-EudbifIo8,https://images.unsplash.com/photo-1540965731358-cd3b929d882a,3441,5598,0.6099999999999999,2018-10-31 06:03:46.998954,United States,198155,1583
nZmbNwbAVCA,https://images.unsplash.com/photo-1579829469226-04d7082e0ade,4343,2443,1.78,2020-01-24 01:54:08.415554,,404564,1734
mx6BzzKvWIw,https://images.unsplash.com/photo-1545906785-193d7758ba91,6240,4160,1.5,2018-12-27 10:38:13.285376,,10108643,84943
pgu1Lju4zqc,https://images.unsplash.com/photo-1583313202564-c2acde9609e8,3024,4032,0.75,2020-03-04 09:20:19.164307,Deutschland,279521,1137
pSYM_Dr6aNk,https://images.unsplash.com/photo-1578262492664-debf506204d7,6336,9504,0.67,2020-01-05 22:15:57.697673,Sverige,390979,924
aIf54kIiT6s,https://images.unsplash.com/photo-1561521836-e5f415d86954,2949,3949,0.75,2019-06-26 04:07:47.49607,,151372,894
yty30exygSI,https://images.unsplash.com/photo-1542632466-18cb12ee7d78,6000,4000,1.5,2018-11-19 13:02:10.758322,,1601774,8167
4lfZHaIBWMc,https://images.unsplash.com/photo-1462995708817-6ed9c9552a91,4150,2767,1.5,2016-05-11 19:42:10.761592,United States,3889166,31222
FvTn9Dlv39A,https://images.unsplash.com/photo-1553264646-7eb44743436f,3142,2194,1.43,2019-03-22 14:25:15.964848,Hungary,60486761,39323
vKXp8M9_inE,https://images.unsplash.com/photo-1498534405718-957b7b84b009,6000,4000,1.5,2017-06-27 03:34:03.400679,Canada,4812442,229307
xCTAd2NN4I0,https://images.unsplash.com/photo-1526539535687-97010dfc3e08,4032,3024,1.33,2018-05-17 06:48:54.024855,,852718,31090
MFM-RhG4Ge0,https://images.unsplash.com/photo-1552769883-da2118abdf2e,7000,4667,1.5,2019-03-16 20:58:16.399816,,159534,2471
P6JRr7-FxLw,https://images.unsplash.com/photo-1463748465553-80db1e6ff830,2580,2580,1.0,2016-05-20 12:48:33.86482,Switzerland,8096823,46906
sY3yB1rjDUA,https://images.unsplash.com/photo-1563284202-746a243e07a4,3376,5252,0.64,2019-07-16 13:40:40.260749,,148868,765
k2kXzsZp7rY,https://images.unsplash.com/photo-1548540618-fb0b1de9419e,4000,6000,0.67,2019-01-26 22:10:50.929513,Iceland,1347311,7151
M6PJeMHl6cI,https://images.unsplash.com/photo-1494798008185-962cd8f94a9d,5852,3658,1.6,2017-05-14 21:41:07.085825,Portugal,2702463,18111
-rshDVyLGxI,https://images.unsplash.com/photo-1569395567885-2a94270ae855,3492,5238,0.67,2019-09-25 07:14:22.720223,,157903,54725
gp_vO-CVgNY,https://images.unsplash.com/photo-1556857997-d4aab6724758,5760,3840,1.5,2019-05-03 04:36:34.988144,,97712,1337
YY-LeXGF-p4,https://images.unsplash.com/photo-1572530997303-1b6a3183745f,4000,6000,0.67,2019-10-31 14:22:42.301423,Svizzera,1055048,11838
8XLihaFJAf0,https://images.unsplash.com/photo-1551171128-e727fa6080df,3918,4897,0.8,2019-02-26 09:02:57.65315,Jordan,3292933,8553
Kn0HaiAYlW4,https://images.unsplash.com/photo-1432662960358-6c452bee76f2,5472,3648,1.5,2015-05-26 17:57:16.196055,,2200793,9909
Z0zTskmGBDg,https://images.unsplash.com/photo-1577392467203-473a85900163,4000,6000,0.67,2019-12-26 20:55:25.005021,,516965,1031
7XDK3bwiANc,https://images.unsplash.com/photo-1547716503-a4ac13e85117,5461,8192,0.67,2019-01-17 09:19:34.398919,,2059531,11238
x_9Btz9Pczo,https://images.unsplash.com/photo-1559474256-ed9f53f0ef27,3999,5999,0.67,2019-06-02 11:17:52.478828,Slovakia,741873,3671
o42CXL0-K90,https://images.unsplash.com/photo-1548265009-bcd28ac9ed1c,2848,4272,0.67,2019-01-23 17:39:10.08039,,402198,923
bRVU_0xpYco,https://images.unsplash.com/photo-1569749520994-22c3272a9c11,3264,4874,0.67,2019-09-29 09:32:12.877099,,286439,1690
msFzEgDQ8-c,https://images.unsplash.com/photo-1543083356-ee85ba172c9e,4000,3000,1.33,2018-11-24 18:17:34.87163,,368674,2419
VFjGgIGNWlI,https://images.unsplash.com/photo-1590818048709-2d2d042a5aff,6048,4024,1.5,2020-05-30 05:54:24.546367,,192583,1871
e-HyzfROGB4,https://images.unsplash.com/photo-1588871137897-f8b3722941bf,3264,4896,0.67,2020-05-07 17:09:37.518555,,208230,571
b6NL-BSMBqs,https://images.unsplash.com/photo-1578146885311-70223a6e6b09,7087,4724,1.5,2020-01-04 14:08:44.557912,Suiza,3643198,23015
RGFntcLI8Go,https://images.unsplash.com/photo-1544857925-9ed81cca46aa,2832,2832,1.0,2018-12-15 07:12:19.62876,United States,2654677,13532
aQtrSnmsNXM,https://images.unsplash.com/photo-1552288251-f5cce720cf30,3723,2877,1.29,2019-03-11 07:12:32.006914,United States,855984,2696
goFe-VUw_ps,https://images.unsplash.com/photo-1577198499139-620a2f90f668,3376,6000,0.56,2019-12-24 14:42:16.163223,,1218748,4520
Wu98kR6nEAs,https://images.unsplash.com/photo-1565890284969-14f3911fa149,4912,3264,1.5,2019-08-15 17:31:29.67048,,311710,2145
6_azJTdV9xg,https://images.unsplash.com/photo-1499546398298-5ce54dae20ec,5288,3525,1.5,2017-07-08 20:40:43.720177,United States,1641652,19383
xyB0NOOkA04,https://images.unsplash.com/photo-1575915932751-aeeff579ab4f,5572,3715,1.5,2019-12-09 18:26:51.015809,,1652251,2246
BNuB578HYto,https://images.unsplash.com/photo-1578847022177-83fb639d8cfe,3897,2728,1.43,2020-01-12 16:38:01.507171,United States,477790,2111
4BTMEJBb7-0,https://images.unsplash.com/photo-1433006283487-21f7c42fa053,3000,2000,1.5,2015-05-30 17:18:32.340363,,2700478,13321
TLLjBr_8thQ,https://images.unsplash.com/photo-1588303248649-9a9e7dd78a21,4000,6000,0.67,2020-05-01 03:21:55.612026,United States,949316,3279
xznPR6KVVXA,https://images.unsplash.com/photo-1542414704-aaad507a2112,5184,3456,1.5,2018-11-17 00:32:30.293035,,160730,1373
0BaK20w328k,https://images.unsplash.com/photo-1579463256226-555fba48cee9,2777,4165,0.67,2020-01-19 19:48:59.177374,,135592,483
_Adyb5GR8lI,https://images.unsplash.com/photo-1577106581388-0a2cebac24ed,4471,6699,0.67,2019-12-23 13:09:57.209575,United States,1394399,6490
Y_071W-6WUo,https://images.unsplash.com/photo-1548425923-a7d6c37d7f18,3821,3157,1.21,2019-01-25 14:19:04.696936,,1117068,10346
OAvt5bJUWSI,https://images.unsplash.com/photo-1542181149-585bcf0d9ce9,6182,4126,1.5,2018-11-14 07:41:10.961127,,9371559,15305
-G1YldWkPlQ,https://images.unsplash.com/photo-1579461454716-23426cddf321,4330,6495,0.67,2020-01-19 19:22:01.959764,,84314,662
e_HRcYwbXZ0,https://images.unsplash.com/photo-1542674810-9893f793a246,4480,6720,0.67,2018-11-20 00:50:08.76311,,1271694,7655
eORbhX0F4_4,https://images.unsplash.com/photo-1580377968562-5f0225d15785,4135,2809,1.47,2020-01-30 09:56:26.163673,,2768324,9896
CFZrIuCllGE,https://images.unsplash.com/photo-1579998373050-004df0dac23f,4205,2814,1.49,2020-01-26 00:26:23.527657,,351600,1073
RixnYDT4gAQ,https://images.unsplash.com/photo-1590153300747-fc608dfa8009,3024,4032,0.75,2020-05-22 13:16:48.115004,United States,384022,2629
xpM5wl9lx5M,https://images.unsplash.com/photo-1580250855034-600cccb26120,3024,4032,0.75,2020-01-28 22:35:04.246336,United Kingdom,595221,2014
PwCFHWmjoGg,https://images.unsplash.com/photo-1552250550-6b157b10a60d,4016,5020,0.8,2019-03-10 20:43:42.426831,,1238655,4757
9Ku-rYWKLsI,https://images.unsplash.com/photo-1558087593-b22585d6324f,2384,4240,0.56,2019-05-17 10:25:05.149631,,196504,1496
XA-Qaz7Ds10,https://images.unsplash.com/photo-1546027266-46d6e8ca202d,3456,5184,0.67,2018-12-28 20:01:34.712714,United States,242489,1387
v0JgZtpCN2o,https://images.unsplash.com/photo-1567712559124-2bf0fb018175,4000,6000,0.67,2019-09-05 19:50:28.054423,,192788,2058
1SoH2oBDKQo,https://images.unsplash.com/photo-1578696976545-872e432862b5,6016,4016,1.5,2020-01-10 22:58:39.781392,Canada,476770,1524
zi72GAIX02s,https://images.unsplash.com/photo-1547208474-c8ac5020d8e2,5472,3648,1.5,2019-01-11 12:15:42.933282,,996774,4540
4oovIxttThA,https://images.unsplash.com/photo-1560850038-f95de6e715b3,5025,3141,1.6,2019-06-18 09:36:35.94311,,2197053589,295200
e2uTOpgW5Ec,https://images.unsplash.com/photo-1513147122760-ad1d5bf68cdb,5472,2736,2.0,2017-12-13 06:39:19.372069,Switzerland,4178295,47337
yBXLjBteptw,https://images.unsplash.com/photo-1415912364061-78a25859c0fa,3456,2304,1.5,2014-11-13 20:59:34.027149,,3354039,30806
wfPbE-Zo9as,https://images.unsplash.com/photo-1578587963053-18b35fe8f4aa,6000,4000,1.5,2020-01-09 16:40:00.442448,Iran,949560,2818
1fUu0dratoM,https://images.unsplash.com/photo-1433477077279-9354d2d72f6b,4861,3178,1.53,2015-06-05 04:04:49.558577,,16804866,446923
GY6ViMxtmDE,https://images.unsplash.com/photo-1507988914355-bf49fdbc7368,3901,5999,0.65,2017-10-14 13:50:03.446236,Latvia,2348213,20353
SfLxL2Fayw8,https://images.unsplash.com/photo-1552571021-c38625e5ab41,2857,3571,0.8,2019-03-14 13:44:44.005993,Australia,1874351,6382
XEXy2MPrj-0,https://images.unsplash.com/photo-1542831478-ffe34bd39eee,4397,6595,0.67,2018-11-21 20:21:07.490888,,406571,1959
9AjPn-m8O9c,https://images.unsplash.com/photo-1560343301-5a60950e5e53,3176,4047,0.78,2019-06-12 12:41:52.203291,,684131,2236
W2KxOhKyVlk,https://images.unsplash.com/photo-1551332190-960b19c289c3,3264,4569,0.7099999999999999,2019-02-28 05:37:52.537827,,341714,1589
HPHtMOJvHDM,https://images.unsplash.com/photo-1588499301379-f73929c79f74,2667,4000,0.67,2020-05-03 09:48:36.215286,,753900,4154
HegxX0qHXRg,https://images.unsplash.com/photo-1578153461291-9d13cba3a195,2928,1796,1.63,2020-01-04 16:00:47.580846,,99045,944
4GjwnOntgGQ,https://images.unsplash.com/photo-1547198378-f5c4e9ca62c7,3456,5184,0.67,2019-01-11 09:20:23.549695,,550339,4471
ImNPwqsj4jQ,https://images.unsplash.com/photo-1547915669-f0e054a78784,3648,2432,1.5,2019-01-19 17:11:30.104654,,84685,1824
KpouF2UR_JA,https://images.unsplash.com/photo-1447311158516-a2578c22260d,3264,2448,1.33,2015-11-12 06:51:19.335567,Taiwan,1628358,6899
Y_ckR6AQpak,https://images.unsplash.com/photo-1546444575-95793abb97dd,7952,5304,1.5,2019-01-02 15:57:06.636705,,253829,2697
O_NpTrtdzx0,https://images.unsplash.com/photo-1541941069698-4b5ca745d7e1,4480,6720,0.67,2018-11-11 13:00:01.71329,Germany,3159052,17536
gIa-m2iggQg,https://images.unsplash.com/photo-1590454748848-8406a4e7fff3,3968,5276,0.75,2020-05-26 00:59:40.046083,,271035,1163
gUU2P6KNEAk,https://images.unsplash.com/photo-1587908009123-01351914c2fa,3905,5857,0.67,2020-04-26 13:33:58.182645,Brasil,1149503,6096
R6fs9tqTVpQ,https://images.unsplash.com/photo-1575022590568-3b223bd2dde1,5557,7409,0.75,2019-11-29 10:19:52.389868,,619463,1688
3z_4KpP7djs,https://images.unsplash.com/photo-1584473456307-03696d3f072d,3648,5472,0.67,2020-03-17 19:33:02.100302,United States,646763,3066
dzCSTLjLZa8,https://images.unsplash.com/photo-1575185627616-bc7ae3a309ca,3456,5184,0.67,2019-12-01 07:33:55.763213,,499217,1035
cMo2YQXxTyQ,https://images.unsplash.com/photo-1581680434855-c1a17e0a4c43,3072,4604,0.67,2020-02-14 11:40:46.630862,미국,509893,1082
9I43XMuXWdk,https://images.unsplash.com/photo-1552598390-b9bad309671a,6000,4000,1.5,2019-03-14 21:54:10.048759,,647429,5437
ZKE9vySEeoI,https://images.unsplash.com/photo-1543416112-039c9e03d463,5472,3648,1.5,2018-11-28 14:42:57.452476,,333494,3126
dM317CbttyY,https://images.unsplash.com/photo-1583753075968-1236ccb83c66,3124,3997,0.78,2020-03-09 11:26:02.834583,Vietnam,5485697,44325
Xb8-etU90Ko,https://images.unsplash.com/photo-1545555639-4d3bc13ba3df,6000,3285,1.83,2018-12-23 09:01:00.974014,,744169,5302
TqupGKYflDo,https://images.unsplash.com/photo-1550620557-6d396306f0be,5461,3641,1.5,2019-02-19 23:56:20.550554,Australia,1834612,9306
rR3RPRDhjwM,https://images.unsplash.com/photo-1591985791413-7b3a140ce746,3280,4928,0.67,2020-06-12 18:25:56.543306,Россия,445897,2652
v8-cAH5cmTU,https://images.unsplash.com/photo-1431905790757-50a5ba2ca70e,2988,5312,0.56,2015-05-17 23:36:45.113634,,3524863,27568
dxC84vR2-8U,https://images.unsplash.com/photo-1544552866-112f7e46923f,5231,3487,1.5,2018-12-11 18:28:44.820387,Maldives,887293,6872
LFWIxEGvwiE,https://images.unsplash.com/photo-1682534434080-404a5edda2f3,4533,6799,0.67,2023-04-26 18:43:34.518371,United States,809416,6129
WFSSsl82MEE,https://images.unsplash.com/photo-1583552188985-287bfea998c5,3414,5121,0.67,2020-03-07 03:44:13.892278,United States,167971,921
9vu8sY8fpnc,https://images.unsplash.com/photo-1416512048579-135419d176dd,3680,2456,1.5,2014-11-20 19:34:14.903993,,1576580,6325
ysRLATH07ck,https://images.unsplash.com/photo-1543016509-e6d4d74b9d90,8192,5461,1.5,2018-11-23 23:42:35.379692,,490014,5233
JiMenx-vBL8,https://images.unsplash.com/photo-1571608192336-8db4acc4fb35,4000,6000,0.67,2019-10-20 21:52:44.69472,,248087,1173
cKLr1zNnCzg,https://images.unsplash.com/photo-1472501814172-342d019bb470,3420,2280,1.5,2016-08-29 20:17:57.0229,United Kingdom,4072073,16687
xdxK5PwIl9Y,https://images.unsplash.com/photo-1553813589-7eb7256127a6,3456,5184,0.67,2019-03-28 22:53:20.41239,,184361,905
nsFLt0rBQHI,https://images.unsplash.com/photo-1571235908530-fccae94bb402,3766,2511,1.5,2019-10-16 14:25:23.969005,Indonésie,16615077,13626
gNRqK6A7EeQ,https://images.unsplash.com/photo-1587914927775-03c165c673e9,3918,5877,0.67,2020-04-26 15:29:01.537047,Brasil,774401,4366
DM8uHVut4Ig,https://images.unsplash.com/photo-1567447812294-e6506103def6,4000,6000,0.67,2019-09-02 18:10:26.500547,Austria,4779694,7428
B51qcq7LO4w,https://images.unsplash.com/photo-1571075547867-f36e5ca05913,4184,2690,1.56,2019-10-14 17:52:53.483472,,155973,1574
l2ZuQSwFOvU,https://images.unsplash.com/photo-1581491492782-a59d08b4b577,4128,5160,0.8,2020-02-12 07:15:04.186921,Singapore,1364654,5174
znGRjrQMeP4,https://images.unsplash.com/photo-1546460573-f25a6e00db26,5760,3840,1.5,2019-01-02 20:23:07.694455,,662641,4749
MJDmIOxaV-k,https://images.unsplash.com/photo-1588531606690-b4149d2da7bd,3140,2093,1.5,2020-05-03 18:46:59.247366,México,1080744,8779
mempK-jVL38,https://images.unsplash.com/photo-1558120040-bdbe5899d197,4984,3388,1.47,2019-05-17 19:08:58.064015,,310629,1910
P8eAhRkJ2hA,https://images.unsplash.com/photo-1444798314188-37dfab92dfa2,3264,2448,1.33,2015-10-14 04:53:02.712802,United States,2402758,16412
SF4gmhPd84M,https://images.unsplash.com/photo-1506284728125-4e5ec770a8f2,7952,5304,1.5,2017-09-24 20:26:32.920198,Canada,661163,6234
nYWfRIdG3H4,https://images.unsplash.com/photo-1587814727657-2e2bfbb11036,2385,4240,0.56,2020-04-25 11:39:51.868674,,798649,3401
b7S-gT-FeVk,https://images.unsplash.com/photo-1575768384544-e12828c04e1e,3888,5184,0.75,2019-12-08 01:30:54.044488,United States,1396238,5241
kmQFBYibklw,https://images.unsplash.com/photo-1577809986295-cfa34464e8a3,3448,5168,0.67,2019-12-31 17:05:58.869976,,127714,790
4wkhi0pAJq4,https://images.unsplash.com/photo-1478812049958-3f92a6ddec67,4896,3264,1.5,2016-11-10 21:07:55.787505,,1462443,5711
cVsgco75YSM,https://images.unsplash.com/photo-1554089989-aac127661833,3562,4493,0.79,2019-04-01 03:40:22.356743,,98162,744
araXo8K1RhI,https://images.unsplash.com/photo-1529852766667-d93fae7b267c,6000,4000,1.5,2018-06-24 15:09:21.519381,Morocco,1921572,7407
vqU47hNXGE0,https://images.unsplash.com/photo-1567962443865-54d86d79e090,3840,5760,0.67,2019-09-08 17:08:26.709545,,5109114,34964
AtSgtZcxZFc,https://images.unsplash.com/photo-1503291075704-9eacfa24e808,4000,6000,0.67,2017-08-21 04:52:58.232869,Iran,1132252,4192
1WhW787C2UE,https://images.unsplash.com/photo-1565032398620-9291dc457b00,4024,6048,0.67,2019-08-05 19:13:33.514232,,421696,3032
NORa8-4ohA0,https://images.unsplash.com/photo-1445233566136-a2a4e2c38bc2,3264,4896,0.67,2015-10-19 05:56:00.007967,,14309066,121345
nh-SCu_iVuQ,https://images.unsplash.com/photo-1549248263-70436d1848b1,3992,2242,1.78,2019-02-04 02:45:27.249155,,3000489,2260
TJO8EfZgYog,https://images.unsplash.com/photo-1572182327310-2fff89ba39c1,4240,2832,1.5,2019-10-27 13:30:22.387335,,783883,4132
GdOvl0W2msk,https://images.unsplash.com/photo-1446052822510-19cf420ca93b,4864,3238,1.5,2015-10-28 17:22:12.040557,,2833110,16837
yxFbkyNhF-c,https://images.unsplash.com/photo-1486685919142-89cc9fc91ef6,4000,3000,1.33,2017-02-10 00:19:45.192147,,3909143,16320
qDEpYELCJhM,https://images.unsplash.com/photo-1565964230413-bd0f76494c7c,6192,8256,0.75,2019-08-16 14:11:54.170608,,73614,439
G0Ot7IsL-_I,https://images.unsplash.com/photo-1587619884851-7e6359bdfb60,3648,5472,0.67,2020-04-23 05:31:53.22425,,545985,1990
zIrrF7Bx3pQ,https://images.unsplash.com/photo-1500709664422-457e638cf0f3,4570,6854,0.67,2017-07-22 07:50:33.950669,,1609655,13498
goZ1M5TVjag,https://images.unsplash.com/photo-1465841128753-808139f0a99a,3264,2448,1.33,2016-06-13 18:09:06.378189,Austria,1464053,5392
sIfJN_R8TPs,https://images.unsplash.com/photo-1577447281440-0400a5b0b079,3113,4669,0.67,2019-12-27 11:54:41.864332,United Kingdom,180314,934
s2LwfRvjSac,https://images.unsplash.com/photo-1546059606-a952caaed1db,2333,3500,0.67,2018-12-29 05:00:24.59984,,340301,708
VxSO1Blu8GY,https://images.unsplash.com/photo-1551005916-441029614e3b,6000,4000,1.5,2019-02-24 11:02:06.591004,,933553,4811
JxW9zJOyfMQ,https://images.unsplash.com/photo-1483002683601-435849f14fac,7349,4269,1.72,2016-12-29 09:15:20.280081,United Kingdom,2723409,14770
9Gmf3HPHK8o,https://images.unsplash.com/43/ZICikSG3ThGy1i2JCnYP_4.jpg,5184,3456,1.5,2014-04-29 20:14:00,,5929565,36373
59drqR6Xr9Y,https://images.unsplash.com/photo-1552862750-b094e9d71c2e,4368,2457,1.78,2019-03-17 22:47:00.822952,,322333,4514
sLOxRwj5uT0,https://images.unsplash.com/photo-1592010092902-9d349b05fc04,4445,6667,0.67,2020-06-13 01:04:37.420977,,356068,2726
Hj_VyIUHe14,https://images.unsplash.com/photo-1559356155-e2e90626a5de,5184,3456,1.5,2019-06-01 02:31:10.248892,,522583,1896
QcRIbY2XqPE,https://images.unsplash.com/photo-1547005327-ef75a6961556,2563,2597,0.99,2019-01-09 03:42:15.217193,,2597483,20425
hamoRN8LO6A,https://images.unsplash.com/photo-1568605447135-30c22eac61cb,6016,4016,1.5,2019-09-16 03:44:45.120595,Australia,1226117,4809
CgnjTR1sauc,https://images.unsplash.com/photo-1557250263-f80183ddbb95,3680,3681,1.0,2019-05-07 17:31:05.782549,,246912,2324
MrUFr8GsQAk,https://images.unsplash.com/photo-1440986136501-8765ecc672ef,2500,1667,1.5,2015-08-31 01:56:07.850336,Canada,2278514,7208
9w8RQrQzqjQ,https://images.unsplash.com/photo-1569358848951-caba0a7a8b52,3114,3892,0.8,2019-09-24 21:03:57.203692,,925031,3872
2YKiR1UaRMk,https://images.unsplash.com/photo-1571648703602-b830e183d5da,6555,4370,1.5,2019-10-21 09:07:49.31343,,604338,2145
YFseP6R5Tn4,https://images.unsplash.com/photo-1495897729790-8c66cf8f9ccd,5427,3623,1.5,2017-05-27 15:09:22.312096,,752727,5901
MiF8w7M70Mw,https://images.unsplash.com/photo-1578332468661-fa8eeac08474,2048,3089,0.66,2020-01-06 17:41:12.357385,,448015,993
Y2DQpf4ennA,https://images.unsplash.com/photo-1567540129229-8697dfb8f28b,3024,4032,0.75,2019-09-03 19:49:45.439423,,866976,3056
KrJ03A1r8Qo,https://images.unsplash.com/photo-1495305724532-6e9e60b491f5,4368,2912,1.5,2017-05-20 18:45:13.346721,Lithuania,1484107,7591
FEHiD2DJgpA,https://images.unsplash.com/photo-1580077292132-8b623d222710,5929,3953,1.5,2020-01-26 22:22:52.355455,,365985,1295
5tLCBKwIotk,https://images.unsplash.com/photo-1597776195146-6d275d4027bf,4500,5625,0.8,2020-08-18 18:43:27.339212,,401410,1705
VSBonHHIo0k,https://images.unsplash.com/photo-1483818393761-3b8c1f18c185,3456,5184,0.67,2017-01-07 19:47:02.843391,,1832089,7602
lO-0vrsPjjg,https://images.unsplash.com/photo-1636483522002-2c1987c4dc07,3714,2624,1.42,2021-11-09 19:29:26.759051,Spain,372059,4839
-_g2m_6PzQk,https://images.unsplash.com/photo-1591386606223-6163a282ac3f,6840,4620,1.48,2020-06-05 19:53:10.476683,,392999,3118
_bQFVR3DF68,https://images.unsplash.com/photo-1592854366537-9964ab64ad70,3456,4608,0.75,2020-06-22 19:43:32.24629,,196510,1614
bAc7kzkiFoE,https://images.unsplash.com/photo-1544635512-c70b3710b726,5304,7952,0.67,2018-12-12 17:26:14.562751,,3380828,4025
1tE75ajQzmY,https://images.unsplash.com/photo-1427940729808-51bf923efc26,7360,4912,1.5,2015-04-02 02:14:06.399221,,2055625,7029
ZgDa2R9Zbo4,https://images.unsplash.com/photo-1609780175985-a281cbb561bd,4000,6000,0.67,2021-01-04 17:13:07.893999,Deutschland,116160,1408
xaJxtlQySzw,https://images.unsplash.com/photo-1573917137042-9d854e5b0878,3264,4704,0.69,2019-11-16 15:18:00.636508,,98815,455
DzXiOcvR1j4,https://images.unsplash.com/photo-1551793002-9ee39511e8cd,6720,4480,1.5,2019-03-05 13:38:16.718188,Czech republic,445060,4854
FtwksVn6V9A,https://images.unsplash.com/photo-1578518770973-a4615aa9fd5f,3744,5616,0.67,2020-01-08 21:28:46.419132,Austria,395718,1357
KSLy7L2neIs,https://images.unsplash.com/photo-1579236389867-26388c47be13,4000,6000,0.67,2020-01-17 04:46:38.705873,Соединенные Штаты Америки,1151285,4269
JoGNHupiwuA,https://images.unsplash.com/photo-1562826542-449090f38c70,2400,3000,0.8,2019-07-11 06:34:52.298206,,1231675,7505
x-sFPZd0yaw,https://images.unsplash.com/photo-1543081801-7adb586e1104,4832,4760,1.02,2018-11-24 18:07:47.601201,,161038,1763
94QcwAEgcS8,https://images.unsplash.com/photo-1560289813-b45f38fe8ace,2843,4293,0.66,2019-06-11 22:41:34.431255,,742919,3166
AVGKmt5TqqQ,https://images.unsplash.com/photo-1530645561283-171581f1b1cb,6000,4000,1.5,2018-07-03 19:21:13.436768,United States,1025815,8801
f9dOqzYRAcU,https://images.unsplash.com/photo-1592415038850-31a750de8db9,4160,6240,0.67,2020-06-17 17:34:15.311657,United States,168908,1994
mVBtKxXYaQk,https://images.unsplash.com/photo-1512994182823-6ddc7b9ddd58,6000,4000,1.5,2017-12-11 12:10:52.094577,,415894,2322
na_ixmBlOmQ,https://images.unsplash.com/photo-1466522016863-25afc3d7d2f7,3072,2048,1.5,2016-06-21 15:17:09.905476,,2484207,13852
soGoAfesWO8,https://images.unsplash.com/photo-1476044591369-74ee6ac6899c,5184,3456,1.5,2016-10-09 20:24:25.660841,Norway,7907166,89459
fEgwf6BE920,https://images.unsplash.com/photo-1543385383-34a9885acf0e,3000,1759,1.71,2018-11-28 06:09:57.411129,,389130,2482
5a7tezD_CTU,https://images.unsplash.com/photo-1579833105017-c8359cd0450b,6720,4480,1.5,2020-01-24 02:32:52.542972,,282793,2251
RlSBud7YmWY,https://images.unsplash.com/photo-1428393989436-6945d21b2ec9,8192,1984,4.13,2015-04-07 08:07:01.69749,,159945,1374
k8d6bp2Zh3Q,https://images.unsplash.com/photo-1590918202775-d8658310806d,3024,4032,0.75,2020-05-31 09:46:12.434898,Iran,355210,2636
YWWMGwXX2JY,https://images.unsplash.com/photo-1474962629293-9270608dada8,3992,2992,1.33,2016-09-27 07:51:19.521735,United States,2324569,17374
aQx1sz3cbpQ,https://images.unsplash.com/photo-1560773526-435221de2527,3992,2992,1.33,2019-06-17 12:12:22.004023,,27655890,84938
xF_X9TYkHMo,https://images.unsplash.com/photo-1598213038104-1fa51fe828af,5002,3335,1.5,2020-08-23 20:06:50.527143,,122697,898
-wqCp_SZ7ls,https://images.unsplash.com/photo-1567989353736-4cc275a9f399,8688,5792,1.5,2019-09-09 00:37:17.293486,,1350732,3410
fRcGuKFVX9c,https://images.unsplash.com/photo-1546892527-9d0171474520,4000,6000,0.67,2019-01-07 20:22:13.415477,Netherlands,702242,1863
ECfXzVx-E5c,https://images.unsplash.com/photo-1562120394-6ead16824ed4,3072,4608,0.67,2019-07-03 02:20:21.749193,,577112,1523
8Ce-NRKCq4s,https://images.unsplash.com/photo-1541797278110-6eb37eef25c0,4325,2733,1.58,2018-11-09 21:02:25.724778,United Kingdom,1921048,13868
O_9Hc2bhpbM,https://images.unsplash.com/photo-1581899866921-6707a908e022,4604,3072,1.5,2020-02-17 00:37:49.726316,미국,494607,2896
brgihxn3nhY,https://images.unsplash.com/photo-1542526274-aee22b91a7aa,2874,4339,0.66,2018-11-18 07:32:59.895233,,695919,5240
ch-mPpglKjQ,https://images.unsplash.com/reserve/zU6fwmDaSVWZdCXcZfot_IMG_3838.JPG,5184,3456,1.5,2014-04-24 17:31:42,,20783202,135813
-QGe504tURw,https://images.unsplash.com/photo-1542604872-8dcb8862d430,6000,4000,1.5,2018-11-19 05:21:34.438501,,322004,3364
e9WHTFTQfKU,https://images.unsplash.com/photo-1517320954506-881e4f05a10c,3691,5536,0.67,2018-01-30 14:08:56.962829,Italy,3742770,62440
dW6SQObWwCE,https://images.unsplash.com/photo-1580122252338-6d72148aca2b,3411,5116,0.67,2020-01-27 11:05:14.320238,South Africa,592372,1360
jSYvMM1OuGU,https://images.unsplash.com/photo-1573304937059-ad65cdef1092,2362,3753,0.63,2019-11-09 13:08:58.381484,,156095,1278
UrgYjACxvaI,https://images.unsplash.com/photo-1458322493962-69c5a4ef7ddf,3456,2304,1.5,2016-03-18 17:35:36.324071,India,86005998,213406
b6WgV0h5KLQ,https://images.unsplash.com/photo-1579603046245-cafaa03a8a94,5184,3456,1.5,2020-01-21 10:37:50.988971,,242486,1978
SBKdiLOmylc,https://images.unsplash.com/photo-1573692822546-99d57af10a33,5304,7952,0.67,2019-11-14 01:10:24.383587,,1722155,8766
XPpm_WL-DnY,https://images.unsplash.com/photo-1553917616-c581e69d7b7e,3610,4512,0.8,2019-03-30 03:48:52.880109,,452818,1326
P680ku9WLHA,https://images.unsplash.com/photo-1559538619-79636b249e31,3399,4249,0.8,2019-06-03 05:10:21.445069,,1564999,29308
JonGFaeFPgg,https://images.unsplash.com/photo-1511468102400-883d6ea28755,6000,4000,1.5,2017-11-23 20:17:02.388695,Germany,9492120,20948
2_kiYSibmh4,https://images.unsplash.com/photo-1572189600006-fc88fbbe99e1,3265,4898,0.67,2019-10-27 15:20:29.663071,United Kingdom,592572,1435
VxNxsEx18wo,https://images.unsplash.com/photo-1459243835408-805b3f8f505f,6016,4016,1.5,2016-03-29 09:31:46.565952,Austria,1064218,7006
9gg22ydLn9M,https://images.unsplash.com/photo-1561815745-12264a60597f,6486,4324,1.5,2019-06-29 13:43:56.348854,,569908,2070
y0V7dzUfKMI,https://images.unsplash.com/photo-1580314489846-f237585d3688,5504,8256,0.67,2020-01-29 16:18:58.66077,,89301,501
8r6pbTZojRc,https://images.unsplash.com/photo-1509940870879-6bdb2daffa31,8688,5792,1.5,2017-11-06 04:01:43.735717,United States,244317,2133
XmqsrSq63q4,https://images.unsplash.com/photo-1424764016210-9482f49dde7f,4816,3056,1.58,2015-02-24 07:53:11.17893,,2383935,13424
H_a57GKWIMI,https://images.unsplash.com/photo-1501696057772-02661ce93702,5472,3648,1.5,2017-08-02 17:54:10.255526,,4813921,21766
OR_3rbIv5yI,https://images.unsplash.com/photo-1436968188282-5dc61aae3d81,4288,2848,1.51,2015-07-15 13:52:01.798589,Japan,69759767,197407
dUeD4im5YSQ,https://images.unsplash.com/photo-1550856015-de3a3956c67d,7952,5304,1.5,2019-02-22 17:20:27.161198,Switzerland,1600786,11169
3cq6kDeKlbQ,https://images.unsplash.com/photo-1551816871-879ede706be3,4000,6000,0.67,2019-03-05 20:14:54.262275,,692399,4682
q7Xl1XYUS_o,https://images.unsplash.com/photo-1547490085-c71634afe1a4,2835,3780,0.75,2019-01-14 18:24:45.95412,,324814,1496
nwROzyFBB64,https://images.unsplash.com/photo-1551171129-7ebac0152f60,3930,5895,0.67,2019-02-26 09:02:57.685009,Jordan,10733557,45089
S5Khu-gxAlY,https://images.unsplash.com/photo-1508529044574-59120aab8253,4000,6000,0.67,2017-10-20 20:05:33.43175,Peru,1748646,13664
kOcPPFamcag,https://images.unsplash.com/photo-1587825027984-c4476461c8f9,4000,6000,0.67,2020-04-25 14:30:38.763827,Україна,1011202,2651
xme2qFpwm6E,https://images.unsplash.com/photo-1588894181387-939771976bdd,2226,3647,0.6099999999999999,2020-05-07 23:29:56.132739,,1466361,8319
3eLY9nwyqqE,https://images.unsplash.com/photo-1517002152503-aeda5fe2cd36,3149,3935,0.8,2018-01-26 21:30:11.724282,,3687769,69145
owLO80GIjac,https://images.unsplash.com/photo-1567429160763-71ad1558ae17,3276,4096,0.8,2019-09-02 12:59:49.387675,Germany,216258,1545
SQt0ZDqNapg,https://images.unsplash.com/photo-1552478099-e4c486e8d4c4,3992,2992,1.33,2019-03-13 11:55:56.485794,,783770,3221
qHW_RiXD434,https://images.unsplash.com/photo-1570321587442-6a12011c032f,6240,4160,1.5,2019-10-06 00:28:44.619072,,68038,1079
JhnvVKkXZzs,https://images.unsplash.com/photo-1586399254799-4aa9a5de3f4f,4272,2848,1.5,2020-04-09 02:27:58.422723,Canada,910847,3064
6bffWawCFcw,https://images.unsplash.com/photo-1550184816-3eeadf82295f,3024,4032,0.75,2019-02-14 22:54:01.606907,Iceland,3214889,28348
f_bZb6scMDk,https://images.unsplash.com/photo-1463331100952-5a05df40993c,2817,1876,1.5,2016-05-15 16:51:58.754646,Ukraine,1859868,7445
JJkDsbN3FQ0,https://images.unsplash.com/photo-1582993313053-0bffb8cd4558,3262,4447,0.7299999999999999,2020-02-29 16:22:19.564116,,167290,1196
aSzX2uvAxlQ,https://images.unsplash.com/photo-1496040992316-1030ece16674,5594,3729,1.5,2017-05-29 06:58:16.084422,,6695599,10842
KhQ0ea2v0lY,https://images.unsplash.com/photo-1575552141760-5474ad7db261,6192,8256,0.75,2019-12-05 13:27:23.333179,,643376,1659
E-6ZENGgngU,https://images.unsplash.com/photo-1548774874-0ea25f574353,3875,5015,0.77,2019-01-29 15:15:12.872983,United States,622127,4347
AnXH7WtNP4k,https://images.unsplash.com/photo-1545990148-6645a15bfee6,4912,3264,1.5,2018-12-28 09:44:16.615293,,1265464,6346
GLmhbqbn1WA,https://images.unsplash.com/photo-1516059123626-07d37ee58f94,5976,3989,1.5,2018-01-15 23:33:36.693896,United States,2147023,31367
N_G2Sqdy9QY,https://images.unsplash.com/photo-1545529468-42764ef8c85f,6016,4000,1.5,2018-12-23 01:46:50.506459,Mexico,6228940,77008
74PvIANT2TQ,https://images.unsplash.com/photo-1544797087-0ac5e7c5da32,5992,3995,1.5,2018-12-14 14:18:33.553812,Switzerland,9518622,10793
BiyVuXGiF7s,https://images.unsplash.com/photo-1431629452562-165c8f49fc97,6016,4016,1.5,2015-05-14 18:57:44.543608,,9712481,58441
JQVoVeltjCk,https://images.unsplash.com/photo-1511426150138-69a602df5cf8,5619,3747,1.5,2017-11-23 08:37:39.365979,United States,543023,3479
Uuh0K9YtNM8,https://images.unsplash.com/photo-1486787284432-3749cdce2660,6000,3376,1.78,2017-02-11 04:34:53.014808,Colombia,3602906,33947
gweOVL1QjPo,https://images.unsplash.com/photo-1434600705575-4285a88363a8,5834,3879,1.5,2015-06-18 04:12:07.0801,,9507540,66577
kVwPcYo1Z3I,https://images.unsplash.com/photo-1569817365628-b39fa699b7ba,4000,6000,0.67,2019-09-30 04:23:18.239093,,855829,2542
sliNTaUWgX8,https://images.unsplash.com/photo-1579707812346-7ad7a0997f8e,3368,4210,0.8,2020-01-22 15:54:27.777511,Portugal,2803416,20114
kx8FdCycanQ,https://images.unsplash.com/photo-1446861165121-b6ce118a04e1,3943,5325,0.7399999999999999,2015-11-07 01:54:26.363362,Canada,1439254,3925
wlkFoaFbqNk,https://images.unsplash.com/photo-1564406860401-1a35364fb9b9,6720,4480,1.5,2019-07-29 13:28:43.240152,,4468425,25843
dg5KvcVv7tU,https://images.unsplash.com/photo-1422225439441-f09fb9a237b7,6000,3359,1.79,2015-01-25 22:42:07.515167,,2741639,16741
3vhXlBFfQxY,https://images.unsplash.com/photo-1556539813-c27cfcfda7e8,6000,4000,1.5,2019-04-29 12:10:29.648356,,362547,3025
cBYOgEBN9BY,https://images.unsplash.com/photo-1542449692-4f2fea8aeecb,5184,3456,1.5,2018-11-17 10:15:04.886659,,377661,3028
WaX1Wg160h4,https://images.unsplash.com/photo-1550106178-0970fa4ab7f6,3962,2641,1.5,2019-02-14 01:03:07.690434,beijing,2026915,8463
XeOO8ir_YHs,https://images.unsplash.com/photo-1592769606534-fe78d27bf450,3305,4958,0.67,2020-06-21 20:00:41.596679,United States,4443206,41608
jrzvClypPq8,https://images.unsplash.com/20/wood-snake.JPG,2048,1365,1.5,2013-12-04 20:04:18,USA,12061097,32475
xGltqb1ChYw,https://images.unsplash.com/photo-1551692554-d83872f34d55,3226,4839,0.67,2019-03-04 09:44:07.714823,Norway,1544793,14989
6BQyHtYSb5E,https://images.unsplash.com/photo-1552055568-e9943cd2a08f,3968,2976,1.33,2019-03-08 14:34:09.971857,Sri Lanka,5654530,54101
IBoGXExoLVk,https://images.unsplash.com/photo-1572829617935-3c8b7fe5f0c8,2073,3686,0.56,2019-11-04 01:07:07.765793,,6742286,12946
Q3i_7LfzyE0,https://images.unsplash.com/photo-1597935742145-fc032e5b1124,4000,5747,0.6999999999999998,2020-08-20 15:03:15.10514,Indonesia,187037,2656
Qp_daCPAkoo,https://images.unsplash.com/photo-1552946490-bb34f4036667,3648,5472,0.67,2019-03-18 22:01:34.682588,,659852,6221
ZWgcuq94vqM,https://images.unsplash.com/photo-1554522844-a4ce09fd8313,3648,5472,0.67,2019-04-06 03:55:22.322592,,735808,2144
upYdB_zSvAo,https://images.unsplash.com/photo-1558398091-856200b30f56,3888,5184,0.75,2019-05-21 00:23:20.064138,,720402,2348
rXkvnIliIGs,https://images.unsplash.com/photo-1643400812627-288aa24ccd29,4000,3000,1.33,2022-01-28 20:48:18.059073,Brazil,510807,5121
Et-TyYbzrY8,https://images.unsplash.com/photo-1436772275169-d8467f9d5aa5,4775,3183,1.5,2015-07-13 07:23:53.590616,,313598,5867
AQ7bMjtw6mg,https://images.unsplash.com/photo-1587548271192-6e1a40f6f88f,4000,6000,0.67,2020-04-22 09:42:40.821527,,765304,2113
IZLIeUo0xkY,https://images.unsplash.com/photo-1549453804-f5c9c66ea2ef,3368,4838,0.6999999999999998,2019-02-06 11:59:37.145403,Morocco,792722,3193
teEl8_uC2UQ,https://images.unsplash.com/photo-1554752957-6a8b88248ca0,2616,3924,0.67,2019-04-08 19:49:31.390882,,745725,2349
d2T2IFaWUzY,https://images.unsplash.com/photo-1580362204378-d08147a90577,5332,3000,1.78,2020-01-30 05:30:25.438765,Indonesia,445243,2553
pVl_uUIpZug,https://images.unsplash.com/photo-1546890522-6459c9b83b15,3265,4898,0.67,2019-01-07 19:48:48.384195,,258381,1627
h2wM8ZprLIQ,https://images.unsplash.com/photo-1590615216008-8921f03835d4,5183,3454,1.5,2020-05-27 21:34:42.821303,Iceland,553047,13000
9R5FnAn5tYM,https://images.unsplash.com/photo-1547856954-24517381e230,3840,2552,1.5,2019-01-19 00:18:13.074163,,803439,3497
3FVeCbX6OrY,https://images.unsplash.com/photo-1584028887908-f6d2257fe9d4,5184,3456,1.5,2020-03-12 16:01:38.53419,United States,5867857,40177
U7jr4ZE7reQ,https://images.unsplash.com/flagged/photo-1551706646-9c816bfbff8c,4640,3480,1.33,2019-03-04 13:37:58.215919,,1142763,7076
OmfMncXSshw,https://images.unsplash.com/photo-1563166044-661667b14c33,3000,4000,0.75,2019-07-15 04:49:35.948037,,214803,1239
qCoXJhVtVTE,https://images.unsplash.com/photo-1550955676-be18abcc851c,3216,2136,1.51,2019-02-23 21:17:27.873719,Jordan,566009,4614
x3OSAqWYWaU,https://images.unsplash.com/photo-1580101640869-5003051a43c8,4096,2730,1.5,2020-01-27 05:07:21.635193,Mexico,460978,1451
QG4QBzAEU9w,https://images.unsplash.com/photo-1570450418829-4a7d2d33b983,3456,5184,0.67,2019-10-07 12:14:43.364068,,1710762,6339
QFMOJsn_3T0,https://images.unsplash.com/photo-1580979200766-5bd21f8437c9,7388,8816,0.8399999999999999,2020-02-06 08:56:57.963843,,805455,3136
GDvUVWsPnnI,https://images.unsplash.com/photo-1550694578-9128cb480494,5703,3802,1.5,2019-02-20 20:30:52.939257,,316568,3019
hpyywppDJug,https://images.unsplash.com/photo-1592521899536-f29d0fbc382e,5476,3651,1.5,2020-06-18 23:14:49.993075,United States,224146,2402
Q5oFixaamNg,https://images.unsplash.com/photo-1455424910085-054164782adc,6000,4000,1.5,2016-02-14 04:44:42.522175,,1406233,6394
iBh14jRMBI4,https://images.unsplash.com/photo-1462834254122-801b9e967783,4351,2869,1.52,2016-05-09 22:50:26.644099,United States,996827,8288
9tiVcbwbZ9M,https://images.unsplash.com/photo-1536237482339-e8b36fe0bc63,4752,3168,1.5,2018-09-06 12:39:50.069056,Morocco,2270370,42348
4dKe5pHNahs,https://images.unsplash.com/photo-1567365167067-5da250d258a5,3888,5184,0.75,2019-09-01 19:13:13.419431,,841081,4454
W5jVoQ7jTK0,https://images.unsplash.com/photo-1564541370433-56c154dbbe70,3456,4320,0.8,2019-07-31 02:49:45.882732,Canada,6052348,3316
LUpby1ackK8,https://images.unsplash.com/photo-1565527891306-59584ec1d524,4404,6606,0.67,2019-08-11 12:55:29.46582,,10757148,11563
1DljuMaWA9g,https://images.unsplash.com/photo-1590755202874-2e48e32ed07a,5311,3712,1.43,2020-05-29 12:28:26.500491,,224779,1502
Oo2f26k1vFY,https://images.unsplash.com/photo-1558058038-29dfa4cb3c49,3459,5189,0.67,2019-05-17 01:54:23.514614,,652246,1259
hgi49DwJPaY,https://images.unsplash.com/photo-1528743422608-84197f18e6cd,4912,7360,0.67,2018-06-11 18:59:35.812826,United Kingdom,826631,9377
65fsWXV1dxc,https://images.unsplash.com/photo-1590530295244-a03d3462e5af,4000,5077,0.79,2020-05-26 21:58:38.778694,United States,452971,2266
